,City,Lat,Lng,Max Temp,Humidity,Cloudiness,Wind Speed,Country,Date
0,kosovo polje,42.6394,21.0961,57.83,67,40,5.99,XK,1622007259
1,hilo,19.7297,-155.09,80.28,85,75,4.61,US,1622007215
2,bengkulu,-3.8004,102.2655,86.07,69,98,9.31,ID,1622007259
3,chapais,49.7834,-74.8492,62.38,97,67,9.89,CA,1622007260
4,hamilton,39.1834,-84.5333,73.15,79,1,4.94,US,1622007242
5,mys shmidta,,,,,,,,
6,rikitea,-23.1203,-134.9692,77.86,83,59,21.54,PF,1622007260
7,kahului,20.8947,-156.47,78.82,81,40,10.36,US,1622007106
8,ushuaia,-54.8,-68.3,29.86,86,90,25.32,AR,1622007261
9,busselton,-33.65,115.3333,63.05,57,96,14.18,AU,1622007261
10,nome,64.5011,-165.4064,69.87,24,1,14.97,US,1622007195
11,qaanaaq,77.484,-69.3632,29.75,70,11,10.11,GL,1622007261
12,severo-kurilsk,50.6789,156.125,37.85,98,100,16.24,RU,1622007262
13,fairbanks,64.8378,-147.7164,64.6,34,1,8.05,US,1622007262
14,isla vista,34.4133,-119.861,71.67,63,1,10.36,US,1622007262
15,dillon,34.4166,-79.3712,77.81,75,55,6.38,US,1622007263
16,alice springs,-23.7,133.8833,58.55,36,90,17.87,AU,1622007194
17,tasiilaq,65.6145,-37.6368,37.56,92,100,38.9,GL,1622007263
18,jabinyanah,35.035,10.9081,64.2,61,70,9.1,TN,1622007264
19,sabha,27.0377,14.4283,84.7,14,9,6.2,LY,1622007264
20,taolanaro,,,,,,,,
21,hobart,-42.8794,147.3294,55.26,50,40,8.99,AU,1622007188
22,kodiak,57.79,-152.4072,62.11,39,1,10.36,US,1622007264
23,pecos,31.4229,-103.4932,81.3,39,1,8.05,US,1622007265
24,east london,-33.0153,27.9116,61.74,94,20,8.05,ZA,1622007265
25,zapolyarnyy,69.4154,30.8136,34.88,66,55,5.12,RU,1622007265
26,illoqqortoormiut,,,,,,,,
27,ostrovnoy,68.0531,39.5131,37.38,60,17,6.06,RU,1622007266
28,faanui,-16.4833,-151.75,81.18,72,36,13.42,PF,1622007266
29,atuona,-9.8,-139.0333,79.52,65,27,14.14,PF,1622007266
30,kidal,18.4411,1.4078,89.47,7,76,7.65,ML,1622007267
31,bluff,-46.6,168.3333,45.54,57,86,0.94,NZ,1622007267
32,pevek,69.7008,170.3133,33.17,89,100,1.83,RU,1622007267
33,mitchell,43.7094,-98.0298,60.78,59,1,8.05,US,1622007268
34,pontianak,-0.0333,109.3333,91.38,62,75,5.35,ID,1622007268
35,attawapiskat,,,,,,,,
36,san pedro,14.35,121.0167,96.31,52,75,5.26,PH,1622007269
37,rawson,-43.3002,-65.1023,45.86,64,100,4.16,AR,1622007269
38,zhezkazgan,47.8043,67.7144,91.42,13,1,14.36,KZ,1622007269
39,beloha,-25.1667,45.05,69.98,57,3,4.7,MG,1622007270
40,butaritari,3.0707,172.7902,82.08,76,100,15.3,KI,1622007270
41,bestobe,52.4994,73.0975,94.1,19,6,8.79,KZ,1622007270
42,victoria,22.2855,114.1577,91.96,75,25,1.01,HK,1622007004
43,albany,42.6001,-73.9662,70.41,72,100,4.29,US,1622007001
44,vaini,-21.2,-175.2,66.36,94,75,8.05,TO,1622007271
45,bay roberts,47.5999,-53.2648,45.34,91,100,8.99,CA,1622007271
46,neyyattinkara,8.4,77.0833,76.64,96,100,11.88,IN,1622007271
47,nicoya,10.1483,-85.452,81.95,82,100,4.38,CR,1622007272
48,denpasar,-8.65,115.2167,85.66,74,20,12.28,ID,1622007192
49,kapaa,22.0752,-159.319,80.58,82,40,7.54,US,1622007272
50,alekseyevsk,57.8406,108.3492,56.25,37,83,6.24,RU,1622007273
51,margate,51.3813,1.3862,48.69,75,67,5.01,GB,1622007237
52,airai,-8.9266,125.4092,71.87,58,46,3.91,TL,1622007273
53,syracuse,37.0881,15.2792,68.61,68,46,9.22,IT,1622007273
54,aldan,58.6031,125.3894,51.17,54,100,5.17,RU,1622007274
55,castro,-24.7911,-50.0119,48.7,50,25,1.28,BR,1622007274
56,deloraine,-41.5333,146.6667,54.39,63,77,4,AU,1622007274
57,barentsburg,,,,,,,,
58,cherskiy,68.75,161.3,64.2,33,29,13.58,RU,1622007275
59,coahuayana,18.7333,-103.6833,74.53,78,100,2.37,MX,1622007275
60,mentok,,,,,,,,
61,cape town,-33.9258,18.4232,58.12,79,75,1.01,ZA,1622007105
62,kysyl-syr,63.8986,122.7617,65.66,34,68,4.56,RU,1622007276
63,nemuro,43.3236,145.575,59.43,94,77,11.88,JP,1622007277
64,burnie,-41.0667,145.9167,55.92,60,57,15.46,AU,1622007277
65,port macquarie,-31.4333,152.9167,73.36,64,39,4.12,AU,1622007278
66,klaksvik,62.2266,-6.589,47.32,86,67,19.53,FO,1622007278
67,qazvin,36.2797,50.0049,55.02,94,75,6.91,IR,1622007279
68,grindavik,63.8424,-22.4338,46.35,93,90,29.08,IS,1622007279
69,bairiki,1.3292,172.9752,86,79,20,15.21,KI,1622007279
70,thompson,55.7435,-97.8558,24.96,86,90,10.36,CA,1622007280
71,oranjestad,12.524,-70.027,80.91,81,20,5.99,AW,1622007280
72,khudumelapye,-23.8833,24.75,54.27,50,68,3.83,BW,1622007281
73,clyde river,70.4692,-68.5914,23.23,93,99,17.27,CA,1622007281
74,kavaratti,10.5669,72.642,83.55,74,100,18.14,IN,1622007281
75,port alfred,-33.5906,26.891,62.37,85,57,8.37,ZA,1622007282
76,belushya guba,,,,,,,,
77,umzimvubu,,,,,,,,
78,kloulklubed,7.0419,134.2556,81.1,69,79,1.61,PW,1622007282
79,cidreira,-30.1811,-50.2056,53.51,79,0,10.04,BR,1622007283
80,luau,-10.7073,22.2247,58.33,58,29,4.72,AO,1622007283
81,konevo,62.1215,39.3192,42.17,73,99,5.12,RU,1622007283
82,sibolga,1.7427,98.7792,85.15,78,73,3.76,ID,1622007284
83,lebu,-37.6167,-73.65,54.34,89,90,5.39,CL,1622007284
84,kavieng,-2.5744,150.7967,80.42,83,100,5.88,PG,1622007284
85,cayenne,4.9333,-52.3333,78.1,90,75,5.93,GF,1622007285
86,wangqing,43.3218,129.7634,58.26,68,89,6.69,CN,1622007061
87,chagda,,,,,,,,
88,hofn,64.2539,-15.2082,44.15,82,100,9.4,IS,1622007285
89,necochea,-38.5473,-58.7368,46.24,54,88,10.16,AR,1622007285
90,punta arenas,-53.15,-70.9167,33.91,80,20,11.97,CL,1622007191
91,benguela,-12.5763,13.4055,75.24,55,4,4.97,AO,1622007286
92,barrow,71.2906,-156.7887,26.62,86,90,6.91,US,1622007286
93,alofi,-19.0595,-169.9187,75.09,88,99,5.75,NU,1622007286
94,saldanha,-33.0117,17.9442,46.45,83,78,4.61,ZA,1622007287
95,upernavik,72.7868,-56.1549,25.88,90,50,4.74,GL,1622007287
96,saint george,37.1041,-113.5841,79.39,15,1,1.99,US,1622007004
97,saint-philippe,-21.3585,55.7679,80.15,76,39,9.98,RE,1622007287
98,khatanga,71.9667,102.5,32.61,100,100,6.8,RU,1622007288
99,mataura,-46.1927,168.8643,37.83,72,85,1.77,NZ,1622007288
100,dujuma,,,,,,,,
101,ribeira grande,38.5167,-28.7,64.02,96,100,14.12,PT,1622007288
102,shache,38.4167,77.2406,82.18,11,100,1.39,CN,1622007289
103,grants,35.1473,-107.8514,61.03,8,1,5.75,US,1622007100
104,addanki,15.8167,79.9833,103.5,26,93,19.24,IN,1622007289
105,arkhangelsk,64.5401,40.5433,39.31,60,75,5.99,RU,1622007289
106,souillac,-20.5167,57.5167,79.36,94,40,7.99,MU,1622007290
107,ilulissat,69.2167,-51.1,32.02,74,75,10.36,GL,1622007290
108,guichicovi,,,,,,,,
109,calamar,10.2511,-74.9146,80.55,90,100,0.56,CO,1622007291
110,tuktoyaktuk,69.4541,-133.0374,28.4,86,75,8.05,CA,1622007291
111,pimentel,-6.8367,-79.9342,66,87,57,3,PE,1622007291
112,vila franca do campo,37.7167,-25.4333,64.81,92,100,10.49,PT,1622007292
113,bredasdorp,-34.5322,20.0403,51.12,76,76,4.92,ZA,1622007292
114,tsihombe,,,,,,,,
115,xining,36.6167,101.7667,65.8,33,17,5.19,CN,1622007293
116,ilinsko-podomskoye,,,,,,,,
117,port elizabeth,-33.918,25.5701,57.49,88,0,8.05,ZA,1622007293
118,jamestown,42.097,-79.2353,76.59,73,40,5.75,US,1622007294
119,yellowknife,62.456,-114.3525,34.29,55,20,5.75,CA,1622007017
120,katsuura,35.1333,140.3,75.24,70,100,17.38,JP,1622007294
121,tezu,27.9167,96.1667,94.8,47,91,4.43,IN,1622007294
122,nenjiang,49.1833,125.2167,60.19,40,78,7.67,CN,1622007295
123,satitoa,,,,,,,,
124,anadyr,64.75,177.4833,48.7,53,0,13.6,RU,1622007295
125,san quintin,30.4833,-115.95,61.27,84,69,3.53,MX,1622007296
126,kaitangata,-46.2817,169.8464,42.93,59,54,2.91,NZ,1622007296
127,safwah,,,,,,,,
128,imbituba,-28.24,-48.6703,55.29,75,0,3.83,BR,1622007297
129,dingle,10.9995,122.6711,88.18,63,100,7.14,PH,1622007298
130,ancud,-41.8697,-73.8203,53.13,90,100,8.88,CL,1622007298
131,paamiut,61.994,-49.6678,35.92,67,72,12.15,GL,1622007299
132,shu,43.5983,73.7614,86.13,25,65,1.97,KZ,1622007299
133,ponta do sol,32.6667,-17.1,65.03,68,100,4.65,PT,1622007299
134,severobaykalsk,55.65,109.3167,41.13,72,89,4.45,RU,1622007300
135,kaoma,-14.7833,24.8,56.93,59,1,6.98,ZM,1622007300
136,chokurdakh,70.6333,147.9167,38.59,75,73,10.51,RU,1622007300
137,haines junction,60.7522,-137.5108,46.35,71,100,8.05,CA,1622007301
138,ardakan,32.31,54.0175,88.18,9,1,24.23,IR,1622007301
139,susurluk,39.9136,28.1578,68.85,69,49,5.93,TR,1622007301
140,coquimbo,-29.9533,-71.3436,51.53,100,0,2.62,CL,1622007302
141,ambunti,-4.2365,142.8448,86.86,67,87,4.21,PG,1622007302
142,san ramon,37.7799,-121.978,60.28,80,1,4.92,US,1622007094
143,masuguru,-11.3667,38.4167,70.02,71,10,4.72,TZ,1622007304
144,hithadhoo,-0.6,73.0833,83.89,69,100,19.73,MV,1622007304
145,luza,60.6308,47.2512,41.94,82,100,8.32,RU,1622007305
146,sao filipe,14.8961,-24.4956,72.41,79,0,9.66,CV,1622007305
147,ambon,-3.6954,128.1814,84.34,79,40,14.85,ID,1622007305
148,kalianget,-7.05,113.9333,85.82,68,56,15.19,ID,1622007306
149,lavrentiya,65.5833,-171,37.51,70,35,10.09,RU,1622007306
150,baruun-urt,46.6806,113.2792,57.15,33,90,12.37,MN,1622007133
151,hermanus,-34.4187,19.2345,57.9,63,87,6.24,ZA,1622007306
152,bathsheba,13.2167,-59.5167,79.41,65,20,14.74,BB,1622007307
153,quatre cocos,-20.2078,57.7625,79.09,68,6,9.51,MU,1622007307
154,puerto ayora,-0.7393,-90.3518,74.55,92,30,5.01,EC,1622007307
155,tiksi,71.6872,128.8694,36.73,85,6,3.49,RU,1622007308
156,guerrero negro,27.9769,-114.0611,61.29,86,78,7.61,MX,1622007308
157,bonthe,7.5264,-12.505,77.5,89,100,4.52,SL,1622007309
158,marsa matruh,31.3525,27.2453,70,56,0,4.61,EG,1622007309
159,touros,-5.1989,-35.4608,74.3,91,45,12.1,BR,1622007309
160,male,4.1748,73.5089,87.75,70,75,26.46,MV,1622007310
161,puerto carreno,6.189,-67.4859,75.87,92,91,5.32,CO,1622007310
162,scottsboro,34.6723,-86.0341,73.62,88,90,0,US,1622007311
163,hastings,50.8552,0.5729,48.97,82,68,13.56,GB,1622007017
164,vila velha,-20.3297,-40.2925,71.55,86,90,3,BR,1622007311
165,vitimskiy,,,,,,,,
166,caravelas,-17.7125,-39.2481,72.88,93,92,6.8,BR,1622007312
167,pozo colorado,-23.4923,-58.7972,64.58,38,99,4,PY,1622007313
168,launceston,-41.45,147.1667,56.84,54,40,4,AU,1622007313
169,coihaique,-45.5752,-72.0662,33.75,100,90,3.44,CL,1622007314
170,isiro,2.7739,27.616,71.11,93,89,2.24,CD,1622007315
171,umm lajj,25.0213,37.2685,87.71,42,0,7.2,SA,1622007101
172,namibe,-15.1961,12.1522,74.43,59,0,5.23,AO,1622007315
173,saskylakh,71.9167,114.0833,52.48,69,99,7.34,RU,1622007316
174,darhan,49.4867,105.9228,66,31,90,0.36,MN,1622007246
175,gat,31.61,34.7642,86.4,41,0,2.66,IL,1622007317
176,carnarvon,-24.8667,113.6333,80.67,32,94,9.22,AU,1622007317
177,viedma,-40.8135,-62.9967,50.43,51,99,12.28,AR,1622007036
178,pontes e lacerda,-15.2261,-59.3353,67.91,82,0,1.3,BR,1622007318
179,yakima,46.4665,-120.6678,58.66,57,45,6.62,US,1622007082
180,wanning,18.8003,110.3967,89.65,62,14,11.97,CN,1622007319
181,ngorongoro,-3.2397,35.4875,52.92,79,96,6.33,TZ,1622007319
182,samalaeulu,,,,,,,,
183,kropotkin,45.4375,40.5756,66,77,14,4.29,RU,1622007145
184,aswan,24.0934,32.907,90.72,16,0,8.23,EG,1622007205
185,saleaula,,,,,,,,
186,mahebourg,-20.4081,57.7,79.25,94,40,0,MU,1622007320
187,mar del plata,-38.0023,-57.5575,50.09,67,0,8.01,AR,1622007320
188,balimo,,,,,,,,
189,soyo,-6.1349,12.3689,77.05,90,99,7.85,AO,1622007321
190,belo jardim,-8.3356,-36.4242,66.61,96,46,5.79,BR,1622007321
191,san patricio,28.017,-97.5169,80.69,92,21,9.33,US,1622007321
192,tomatlan,19.9333,-105.25,73.94,73,0,1.83,MX,1622007322
193,avarua,-21.2078,-159.775,80.65,83,20,4.61,CK,1622007322
194,gigmoto,13.7796,124.39,87.08,67,52,4.83,PH,1622007322
195,asau,46.4333,26.4,61.95,95,61,2.28,RO,1622007322
196,port-gentil,-0.7193,8.7815,80.56,89,75,12.66,GA,1622007323
197,esperance,-33.8667,121.9,64.24,52,71,8.01,AU,1622007323
198,torbay,47.6666,-52.7314,44.58,93,90,23.02,CA,1622007323
199,ilhabela,-23.7781,-45.3581,62.58,79,44,3.91,BR,1622007324
200,columbia,34.0007,-81.0348,76.21,85,57,0,US,1622007121
201,hobyo,5.3505,48.5268,82.15,68,79,20.87,SO,1622007324
202,corpus christi,27.8006,-97.3964,80.83,88,75,7,US,1622007133
203,svetlogorsk,52.6333,29.7333,56.03,97,98,12.03,BY,1622007325
204,komsomolskiy,40.4272,71.7189,83.62,26,93,2.3,UZ,1622007325
205,oktyabrskoye,43.0645,44.7417,53.74,94,90,4.12,RU,1622007325
206,garowe,8.4054,48.4845,80.83,53,57,24.07,SO,1622007326
207,longyearbyen,78.2186,15.6401,30.04,74,75,10.36,SJ,1622007326
208,livingston,55.9029,-3.5226,48.24,92,90,3.33,GB,1622007326
209,sioux lookout,50.1001,-91.917,50.07,93,90,23.02,CA,1622007133
210,maceio,-9.6658,-35.7353,74.64,94,40,11.95,BR,1622007327
211,fortuna,40.5982,-124.1573,53.33,65,90,5.99,US,1622007145
212,hervey bay,-25.2986,152.8535,75.31,59,1,3,AU,1622007327
213,grand gaube,-20.0064,57.6608,79.38,69,3,7,MU,1622007327
214,yerbogachen,61.2767,108.0108,49.33,32,100,6.67,RU,1622007328
215,hay river,60.8156,-115.7999,31.98,47,20,8.05,CA,1622007328
216,duzce,40.8389,31.1639,70.54,46,51,3.18,TR,1622007328
217,kruisfontein,-34.0033,24.7314,52.88,84,96,3.76,ZA,1622007329
218,arraial do cabo,-22.9661,-42.0278,67.57,68,61,5.55,BR,1622007329
219,adrar,20.5022,-10.0711,80.6,21,100,19.75,MR,1622007329
220,bandarbeyla,9.4942,50.8122,86.02,55,81,22.5,SO,1622007330
221,kieta,-6.2167,155.6333,80.4,85,100,4.43,PG,1622007330
222,gornopravdinsk,60.05,69.9,56.34,87,100,12.06,RU,1622007330
223,yomitan,,,,,,,,
224,manggar,-2.8833,108.2667,86.95,68,51,10.71,ID,1622007331
225,show low,34.2542,-110.0298,59.68,10,1,10.36,US,1622007200
226,luwuk,-0.9516,122.7875,86.4,65,23,7.4,ID,1622007331
227,gravdal,68.1214,13.5031,46.08,65,0,19.57,NO,1622007331
228,san cristobal,7.7669,-72.225,65.89,98,97,3.53,VE,1622007332
229,broome,42.2506,-75.833,68.45,82,1,4,US,1622007332
230,teberda,43.4456,41.7448,52.52,80,96,3.98,RU,1622007332
231,brae,60.3964,-1.353,48.11,84,100,20.83,GB,1622007333
232,krasnoselkup,65.7,82.4667,40.8,38,17,7.74,RU,1622007333
233,concepcion del uruguay,-32.4825,-58.2372,46.98,91,1,2.75,AR,1622007333
234,zhigansk,66.7697,123.3711,59.38,48,100,4.25,RU,1622007334
235,noumea,-22.2763,166.4572,73.38,59,25,5.19,NC,1622007334
236,perigueux,45.1833,0.7167,47.77,89,9,2.98,FR,1622007334
237,vanavara,60.34,102.2797,40.89,48,100,5.73,RU,1622007335
238,sarangani,5.4033,125.4636,83.39,76,100,12.73,PH,1622007335
239,whitehorse,60.7161,-135.0538,49.01,61,75,6.91,CA,1622007337
240,elizabeth city,36.2946,-76.2511,73.45,93,40,6.91,US,1622007337
241,yenagoa,4.9247,6.2642,77,94,100,3.29,NG,1622007338
242,bedele,8.456,36.353,64.49,80,42,2.66,ET,1622007338
243,la ronge,55.1001,-105.2842,35.85,51,1,6.91,CA,1622007339
244,bambous virieux,-20.3428,57.7575,79.21,94,40,9.1,MU,1622007339
245,kirakira,-10.4544,161.9205,79.93,73,99,10.96,SB,1622007339
246,amderma,,,,,,,,
247,gainesville,29.6516,-82.3248,74.08,72,1,9.22,US,1622007102
248,srednekolymsk,67.45,153.6833,60.42,41,84,18.5,RU,1622007340
249,san isidro,-12.1167,-77.05,64.26,75,75,2.84,PE,1622007340
250,broken hill,-31.95,141.4333,60.51,39,75,16.11,AU,1622007341
251,kamen-rybolov,44.7481,132.0403,63.88,41,92,11.7,RU,1622007341
252,maniitsoq,65.4167,-52.9,34.72,66,41,10.96,GL,1622007341
253,new norfolk,-42.7826,147.0587,54.9,50,86,4,AU,1622007342
254,talnakh,69.4865,88.3972,29.48,81,61,12.91,RU,1622007342
255,andenes,69.3143,16.1194,44.08,70,20,25.32,NO,1622007342
256,wahran,,,,,,,,
257,lubango,-14.9172,13.4925,53.08,54,0,3.47,AO,1622007343
258,sao luis do quitunde,-9.3183,-35.5611,74.64,87,20,7.38,BR,1622007343
259,te anau,-45.4167,167.7167,42.57,88,42,3.2,NZ,1622007343
260,chuy,-33.6971,-53.4616,45.43,78,5,5.64,UY,1622007344
261,okhotsk,59.3833,143.3,52.12,45,89,6.02,RU,1622007344
262,dunedin,-45.8742,170.5036,49.8,61,40,11.01,NZ,1622007122
263,waipawa,-41.4122,175.5153,50.63,86,24,6.51,NZ,1622007344
264,black river,18.0264,-77.8487,80.6,87,45,3.87,JM,1622007345
265,geraldton,-28.7667,114.6,73.13,28,100,14.9,AU,1622007263
266,aurillac,44.9167,2.45,43.02,93,19,3.44,FR,1622007345
267,neiafu,-18.65,-173.9833,72.28,94,75,0,TO,1622007346
268,krabi,8.0726,98.9105,89.8,70,40,3.44,TH,1622007301
269,cam pha,,,,,,,,
270,davila,18.4726,120.5763,91.38,67,9,10.54,PH,1622007346
271,east wenatchee bench,47.4257,-120.2812,57.36,72,46,7.74,US,1622007346
272,nanortalik,60.1432,-45.2371,33.94,85,84,9.04,GL,1622007347
273,hambantota,6.1241,81.1185,89.94,66,20,25.14,LK,1622007347
274,sawtell,-30.3833,153.1,73.42,60,53,6.91,AU,1622007347
275,severo-yeniseyskiy,60.3725,93.0408,42.84,37,54,11.81,RU,1622007348
276,marawi,7.9986,124.2928,75.65,77,95,0.51,PH,1622007348
277,dikson,73.5069,80.5464,28.27,78,28,11.65,RU,1622007348
278,awjilah,29.1081,21.2869,85.08,13,0,2.77,LY,1622007349
279,nushki,29.5542,66.0215,91.78,8,0,10.33,PK,1622007349
280,georgetown,5.4112,100.3354,89.55,70,20,5.01,MY,1622007349
281,beringovskiy,63.05,179.3167,32.49,98,100,7.23,RU,1622007349
282,tumannyy,,,,,,,,
283,remanso,-9.6179,-42.0831,72.7,63,11,11.9,BR,1622007350
284,ketchikan,55.3422,-131.6461,48.67,76,75,11.5,US,1622007254
285,dasoguz,41.8363,59.9666,94.95,15,0,8.84,TM,1622007350
286,port lincoln,-34.7333,135.8667,59.56,56,99,11.05,AU,1622007351
287,caconda,-13.7333,15.0667,50.77,63,5,4.63,AO,1622007351
288,bethel,41.3712,-73.414,64.42,86,1,3.44,US,1622007352
289,yining,29.0361,114.5636,71.76,98,100,4.29,CN,1622007352
290,dalnerechensk,45.9339,133.7225,64.56,42,49,15.35,RU,1622007352
291,mount isa,-20.7333,139.5,82.17,28,6,14.97,AU,1622007353
292,provideniya,64.3833,-173.3,46.51,61,0,24.61,RU,1622007353
293,tanete,-3.9443,119.7848,89.26,54,99,11.39,ID,1622007353
294,karauzyak,,,,,,,,
295,cabo san lucas,22.8909,-109.9124,78.62,59,80,14.97,MX,1622007354
296,taphan hin,16.2209,100.4198,91.51,51,93,4,TH,1622007354
297,mocambique,,,,,,,,
298,brooks,50.5834,-111.8851,48.83,81,96,11.5,CA,1622007354
299,ampere,-25.915,-53.4728,49.28,60,7,2.51,BR,1622007355
300,vardo,70.3705,31.1107,39.4,66,54,8.48,NO,1622007355
301,akdepe,42.0551,59.3788,95.09,17,9,8.48,TM,1622007356
302,khandbari,27.3747,87.2039,75.42,78,98,1.92,NP,1622007356
303,liaozhong,41.5061,122.7242,55.89,39,100,11.43,CN,1622007357
304,tabas,33.5959,56.9244,96.4,11,2,9.04,IR,1622007357
305,pangody,65.85,74.4859,43.66,59,100,7.99,RU,1622007358
306,uray,60.1247,64.7758,52.7,94,100,12.84,RU,1622007358
307,yarkovo,57.4028,67.0786,78.66,40,47,11.16,RU,1622007359
308,santa cruz do sul,-29.7175,-52.4258,44.98,89,0,1.9,BR,1622007359
309,kailua,21.4022,-157.7394,80.02,77,75,4.61,US,1622007177
310,narsaq,60.9167,-46.05,34.02,76,81,1.59,GL,1622007360
311,diffa,13.3154,12.6113,85.35,14,23,8.08,NE,1622007360
312,ayan,56.45,138.1667,41.77,67,96,11.41,RU,1622007360
313,tommot,58.9564,126.2925,60.24,44,100,4.88,RU,1622007361
314,dayong,25.0209,118.2898,87.48,52,99,9.28,CN,1622007361
315,baneh,35.9975,45.8853,65.53,47,6,3.87,IR,1622007242
316,bonavista,48.6499,-53.1147,46.11,95,100,16.8,CA,1622007362
317,mount gambier,-37.8333,140.7667,57.11,67,77,17.27,AU,1622007362
318,opuwo,-18.0607,13.84,55.74,46,0,7.07,NA,1622007362
319,faya,18.3851,42.4509,75.31,21,9,13.51,SA,1622007363
320,maumere,-8.6199,122.2111,84.79,64,33,3.15,ID,1622007363
321,little current,45.9793,-81.9248,66.29,98,60,9.33,CA,1622007363
322,armacao dos buzios,,,,,,,,
323,nikolskoye,59.7035,30.7861,52.39,71,96,9.71,RU,1622007364
324,whitefish,48.4111,-114.3376,50.9,90,1,3.96,US,1622007364
325,iqaluit,63.7506,-68.5145,26.33,86,90,8.99,CA,1622007365
326,iskateley,67.6803,53.1512,39.31,43,44,10.85,RU,1622007365
327,iki-burul,45.8208,44.6472,66.54,65,96,9.37,RU,1622007365
328,ritchie,-29.038,24.6028,38.41,51,1,6.35,ZA,1622007365
329,leningradskiy,69.3833,178.4167,35.73,85,29,10.85,RU,1622007366
330,huilong,31.8111,121.655,69.04,93,100,18.72,CN,1622007366
331,sjenica,43.2731,19.9994,47.95,89,100,3.71,RS,1622007366
332,marshall,34.3834,-86.3333,73.71,67,1,3.18,US,1622007367
333,acapulco,16.8634,-99.8901,81.03,62,85,4.68,MX,1622007163
334,rafsanjan,30.4067,55.9939,88.83,10,7,13.94,IR,1622007367
335,pampa,35.5362,-100.9599,74.35,78,1,11.5,US,1622007368
336,henties bay,-22.116,14.2845,71.71,41,0,11.14,NA,1622007368
337,ekhabi,53.5102,142.9671,42.49,63,100,8.12,RU,1622007368
338,gazli,40.1333,63.45,95.94,10,1,8.63,UZ,1622007369
339,badajoz,38.6667,-6.1667,60.75,61,83,3.89,ES,1622007369
340,pak phanang,8.3511,100.202,93.04,60,100,2.01,TH,1622007369
341,myitkyina,25.3833,97.4,88.48,68,82,0.45,MM,1622007370
342,sosva,59.1766,61.8558,50.32,90,100,8.01,RU,1622007370
343,fagernes,60.9858,9.2324,44.91,93,100,7,NO,1622007371
344,kungurtug,50.5994,97.5228,48.04,87,100,7.09,RU,1622007371
345,norman wells,65.282,-126.8329,53.64,35,75,9.22,CA,1622007371
346,cairns,-16.9167,145.7667,76.1,80,75,13.8,AU,1622007372
347,carballo,43.213,-8.691,53.87,93,85,2.86,ES,1622007372
348,araouane,18.9048,-3.5265,91.4,25,100,8.81,ML,1622007372
349,teguise,29.0605,-13.564,61.02,63,20,18.16,ES,1622007373
350,maroantsetra,-15.4333,49.7333,74.05,71,23,0.74,MG,1622007373
351,sistranda,63.7256,8.834,57.16,81,25,13.65,NO,1622007373
352,marcona,,,,,,,,
353,santa marta,11.2408,-74.199,83.98,72,100,20,CO,1622007374
354,boende,-0.2167,20.8667,77.09,71,38,2.57,CD,1622007374
355,port hardy,50.6996,-127.4199,48.38,87,90,5.75,CA,1622007375
356,port hawkesbury,45.6169,-61.3485,52.59,92,90,9.22,CA,1622007375
357,mehamn,71.0357,27.8492,37.31,86,90,3.44,NO,1622007376
358,itamaraca,-7.7478,-34.8256,78.85,84,10,10.83,BR,1622007376
359,sosnovo,60.5514,30.2144,51.98,73,98,13,RU,1622007376
360,nefteyugansk,61.0998,72.6035,53.85,61,96,9.1,RU,1622007377
361,betafo,-19.8333,46.85,63.37,53,0,0.63,MG,1622007378
362,amapa,1,-52,71.46,99,91,0.54,BR,1622007378
363,jabiru,,,,,,,,
364,mazatlan,23.2167,-106.4167,79.92,86,1,1.99,MX,1622007377
365,port augusta,-32.5,137.7667,60.94,51,97,14.07,AU,1622007379
366,ryotsu,38.0833,138.4333,66.16,69,90,10.07,JP,1622007380
367,snyder,32.7179,-100.9176,75.52,64,1,8.05,US,1622007380
368,buala,-8.145,159.5921,81.57,80,100,10,SB,1622007380
369,oistins,13.0667,-59.5333,78.89,65,20,18.41,BB,1622007381
370,general roca,-39.0333,-67.5833,41.4,56,97,11.27,AR,1622007381
371,arman,59.7,150.1667,41.25,80,100,3.4,RU,1622007381
372,sinkat,,,,,,,,
373,sitka,57.0531,-135.33,48.09,81,90,9.22,US,1622007317
374,gorontalo,0.5412,123.0595,87.73,63,46,4.9,ID,1622007382
375,hasaki,35.7333,140.8333,79.29,54,100,10.33,JP,1622007382
376,port hedland,-20.3167,118.5667,80.65,29,40,17.27,AU,1622007382
377,mareeba,-17,145.4333,71.47,90,85,6.69,AU,1622007383
378,hualmay,-11.0964,-77.6139,64.06,91,37,4.5,PE,1622007383
379,atar,20.5169,-13.0499,78.24,26,15,10.94,MR,1622007383
380,palabuhanratu,,,,,,,,
381,fuling,29.7022,107.3919,64.8,95,100,1.72,CN,1622007384
382,sentyabrskiy,,,,,,,,
383,vaitupu,,,,,,,,
384,blagoyevo,63.3667,47.9167,38.39,74,100,8.23,RU,1622007384
385,jalu,29.0331,21.5482,85.41,10,0,0.16,LY,1622007384
386,trelew,-43.249,-65.3051,45.19,65,100,1.57,AR,1622007385
387,nova olimpia,-14.7972,-57.2881,69.85,74,29,1.74,BR,1622007385
388,novorzhev,57.0294,29.3338,58.93,77,100,12.71,RU,1622007385
389,quelimane,-17.8786,36.8883,60.75,100,20,2.3,MZ,1622007125
390,saint-francois,46.4154,3.9054,50.68,83,0,3.44,FR,1622007386
391,isangel,-19.55,169.2667,77.11,61,20,8.77,VU,1622007248
392,lagoa,39.05,-27.9833,62.92,96,100,19.48,PT,1622007386
393,ust-kuyga,70.0167,135.6,60.91,27,1,22.06,RU,1622007387
394,rio grande,-32.035,-52.0986,52.65,87,0,7.78,BR,1622007253
395,cockburn town,21.4612,-71.1419,78.73,79,6,18.12,TC,1622007387
396,jerantut,3.936,102.3626,89.96,62,72,1.79,MY,1622007387
397,dergachi,51.2328,48.7659,67.73,43,33,20.56,RU,1622007388
398,eirunepe,-6.6603,-69.8736,73.63,86,93,2.13,BR,1622007388
399,roebourne,-20.7833,117.1333,81.45,41,24,17.96,AU,1622007388
400,meulaboh,4.1363,96.1285,86.83,66,71,9.62,ID,1622007389
401,nuristan,35.3,70.8333,49.69,34,1,1.79,AF,1622007389
402,richards bay,-28.783,32.0377,62.6,64,83,3.42,ZA,1622007389
403,erenhot,43.6475,111.9767,64.81,22,32,21.39,CN,1622007185
404,nizhneyansk,,,,,,,,
405,tocopilla,-22.092,-70.1979,66.11,60,98,0.47,CL,1622007270
406,luena,-11.7833,19.9167,54.5,58,5,3.33,AO,1622007390
407,tetouan,35.5711,-5.3724,65.28,88,75,10.36,MA,1622007390
408,pisco,-13.7,-76.2167,65.01,88,75,3.44,PE,1622007391
409,vanimo,-2.6741,141.3028,82.2,83,67,2.37,PG,1622007391
410,jizan,17.3333,42.6667,90.54,34,3,4.18,SA,1622007391
411,beno-yurt,,,,,,,,
412,xichang,27.8964,102.2634,66.61,67,98,8.55,CN,1622007392
413,murgab,37.4966,61.9714,93.07,21,0,4.09,TM,1622007392
414,sioux city,42.5,-96.4003,64.92,49,1,7.85,US,1622007110
415,presidencia roque saenz pena,-26.7852,-60.4388,54.91,63,47,3.29,AR,1622007392
416,nizhniye sergi,56.6614,59.3033,62.26,46,55,12.66,RU,1622007393
417,kovacica,45.1117,20.6214,55.44,66,61,5.23,RS,1622007393
418,leiyang,26.4024,112.8591,91.36,57,89,9.66,CN,1622007393
419,sept-iles,50.2001,-66.3821,48.72,95,90,0,CA,1622007292
420,iturama,-19.7281,-50.1956,64.13,41,41,4.29,BR,1622007394
421,ascension,30.2169,-90.9001,73.62,94,4,0,US,1622007394
422,kongolo,-5.3833,27,70.92,60,93,5.08,CD,1622007395
423,adre,13.4667,22.2,86.36,25,65,4.27,TD,1622007395
424,high level,58.5169,-117.136,48.31,34,90,8.14,CA,1622007396
425,lichinga,-13.3128,35.2406,51.89,100,75,6.91,MZ,1622007396
426,mushie,-3.0167,16.9,73.85,73,54,2.55,CD,1622007398
427,salekhard,66.53,66.6019,43.23,51,98,15.77,RU,1622007337
428,jalor,25.35,72.6167,97.11,38,11,15.1,IN,1622007399
429,balykshi,47.0667,51.8667,82.4,36,0,8.95,KZ,1622007399
430,barsovo,61.1667,73.1667,53.73,51,95,10.13,RU,1622007399
431,santa maria,-29.6842,-53.8069,48.13,79,0,2.44,BR,1622007233
432,praia,14.9215,-23.5087,70.34,78,0,13.8,CV,1622007396
433,bandipur,27.9333,84.4167,75.99,66,100,4.85,NP,1622007400
434,sechura,-5.5569,-80.8222,70.18,81,51,9.73,PE,1622007133
435,aquiraz,-3.9014,-38.3911,78.89,84,13,12.21,BR,1622007388
436,saint-pierre,-21.3393,55.4781,80.24,58,0,4.61,RE,1622007401
437,stromness,58.965,-3.296,48.45,93,100,15.61,GB,1622007401
438,jian,27.1172,114.9793,89.62,64,92,8.59,CN,1622007402
439,pingliang,35.5392,106.6861,75.69,15,47,26.11,CN,1622007402
440,lompoc,34.6391,-120.4579,66.09,83,90,11.5,US,1622007402
441,luanda,-8.8368,13.2343,75.2,88,75,3.44,AO,1622007254
442,ouallam,14.3188,2.0866,85.98,43,28,10.45,NE,1622007403
443,panama city,8.9936,-79.5197,83.05,88,99,3,PA,1622007324
444,tuatapere,-46.1333,167.6833,43.47,79,97,1.48,NZ,1622007403
445,sal rei,16.1833,-22.9167,70.36,85,7,18.95,CV,1622007404
446,hailun,47.45,126.9333,66.15,27,77,8.05,CN,1622007404
447,dukat,62.55,155.55,39.9,61,96,11.05,RU,1622007405
448,chipinge,-20.1883,32.6236,59.14,44,0,1.43,ZW,1622007405
449,filadelfia,39.9523,-75.1638,67.26,87,75,3,US,1622007183
450,alanya,36.5438,31.9998,82.49,46,0,6.58,TR,1622007405
451,roald,62.5833,6.1333,55.9,82,0,14.97,NO,1622007406
452,kantunilkin,21.0917,-87.45,82.24,97,47,2.86,MX,1622007406
453,tuskegee,32.424,-85.6916,72.55,100,17,4.27,US,1622007406
454,bakchar,57.0186,82.0711,63.86,65,93,5.61,RU,1622007406
455,kholtoson,50.2981,103.3097,57.4,40,100,9.62,RU,1622007407
456,vitina,43.2375,17.4839,58.57,63,51,4.21,BA,1622007407
457,camden,39.7835,-74.9663,66.67,90,82,1.01,US,1622007123
458,mumford,5.2618,-0.759,78.84,88,86,7.16,GH,1622007408
459,arona,28.0996,-16.681,61.54,61,75,3,ES,1622007408
460,inirida,3.8653,-67.9239,71.87,99,100,0.31,CO,1622007408
461,posse,-14.0931,-46.3694,68.41,58,20,6.53,BR,1622007408
462,la rioja,42.25,-2.5,43.48,73,91,1.19,ES,1622007409
463,cazaje,,,,,,,,
464,hami,42.8,93.45,88,9,0,7.58,CN,1622007409
465,kutum,14.2,24.6667,82.54,30,58,7.02,SD,1622007410
466,urengoy,65.9667,78.3667,42.01,41,59,3.22,RU,1622007410
467,keti bandar,24.1447,67.4497,88.45,72,33,21.65,PK,1622007410
468,conde,-7.2597,-34.9075,74.66,94,40,9.95,BR,1622007410
469,porto novo,6.4965,2.6036,82.22,89,94,5.91,BJ,1622007411
470,horta,38.5333,-28.6333,63.23,96,100,14.43,PT,1622007404
471,semikarakorsk,47.5194,40.8112,67.01,67,17,9.37,RU,1622007411
472,azamgarh,26.06,83.1861,78.28,85,100,7.56,IN,1622007411
473,antofagasta,-23.65,-70.4,56.48,65,93,4.99,CL,1622007121
474,santa cruz,-17.8,-63.1667,63.36,77,21,3.36,BO,1622007330
475,wakkanai,45.4094,141.6739,58.98,67,20,14.97,JP,1622007412
476,gamba,-2.65,10,77.49,93,60,5.28,GA,1622007412
477,loreto,22.2667,-101.9667,65.8,65,35,8.86,MX,1622007391
478,muros,42.7762,-9.0603,55.24,85,91,8.9,ES,1622007413
479,atagay,55.1033,99.3875,52.36,63,99,10.02,RU,1622007413
480,perth,-31.9333,115.8333,68.04,47,0,11.81,AU,1622007246
481,half moon bay,37.4636,-122.4286,58.98,79,1,7.38,US,1622007414
482,kawasaki,35.5206,139.7172,80.26,52,75,4.61,JP,1622007274
483,salinopolis,-0.6136,-47.3561,78.75,85,46,10.2,BR,1622007414
484,bima,-8.4667,118.7167,86.86,65,72,1.5,ID,1622007414
485,puri,19.8,85.85,78.39,70,100,24.02,IN,1622007415
486,tengushevo,54.7686,42.7189,61.99,59,88,2.82,RU,1622007415
487,aracoiaba,-4.3711,-38.8142,70.72,97,23,1.45,BR,1622007416
488,padang,-0.9492,100.3543,86.83,72,92,6.17,ID,1622007417
489,thiruvananthapuram,8.4833,76.9167,76.96,93,100,14.56,IN,1622007417
490,college,64.8569,-147.8028,65.86,34,40,10.36,US,1622007418
491,loandjili,-4.7561,11.8578,77.11,94,40,4.61,CG,1622007418
492,dibulla,11.2725,-73.3091,78.33,83,99,12.88,CO,1622007419
493,tougue,11.4667,-11.6,70.57,73,98,2.44,GN,1622007304
494,luderitz,-26.6481,15.1594,61.05,68,0,8.61,NA,1622007419
495,kangaatsiaq,68.3065,-53.4641,31.51,67,70,11.74,GL,1622007420
496,grand island,40.925,-98.342,64.98,61,1,3.44,US,1622007420
497,springbok,-29.6643,17.8865,50.85,62,4,3.74,ZA,1622007420
498,gorno-chuyskiy,,,,,,,,
499,circleville,39.6006,-82.946,74.28,68,1,6.58,US,1622007421
500,tromso,69.6496,18.957,47.05,61,20,14.97,NO,1622007236
501,the valley,18.217,-63.0578,80.46,74,66,16.58,AI,1622007421
502,bac lieu,9.285,105.7244,77.38,91,100,13.51,VN,1622007421
503,cape coast,5.1053,-1.2466,78.91,88,88,5.28,GH,1622007422
504,myslenice,49.8338,19.9383,54.66,75,1,6.13,PL,1622007422
505,aksu,41.1231,80.2644,84.27,9,100,3.36,CN,1622007422
506,lakatoro,-16.0999,167.4164,74.89,60,83,7.61,VU,1622007422
507,lukulu,-14.3707,23.242,56.17,60,0,6.35,ZM,1622007423
508,najran,17.4924,44.1277,88.45,15,2,1.12,SA,1622007423
509,aklavik,68.2191,-135.0107,39.92,69,97,4.52,CA,1622007423
510,skelleftea,64.7507,20.9528,48.56,71,0,8.84,SE,1622007424
511,woodland,38.6785,-121.7733,69.28,53,1,6.49,US,1622007268
512,jiuquan,39.7432,98.5174,79.66,12,1,4.54,CN,1622007425
513,mehran,33.1222,46.1646,89.08,15,3,7.2,IR,1622007425
514,riyadh,24.6877,46.7219,89.74,12,0,14.97,SA,1622007339
515,san andres,12.5847,-81.7006,82.42,83,75,18.41,CO,1622007256
516,bud,39.447,-86.1758,75.22,93,45,9.31,US,1622007426
517,shelburne,44.0787,-80.2041,72.39,89,100,16.64,CA,1622007426
518,falealupo,,,,,,,,
519,karaul,,,,,,,,
520,straumen,63.8709,11.2999,54.5,56,42,8.03,NO,1622007426
521,praya,14.9215,-23.5087,70.34,78,0,13.8,CV,1622007396
522,tessalit,20.1986,1.0114,90.01,7,76,9.48,ML,1622007427
523,jiazi,22.8779,116.067,86.34,67,13,10.47,CN,1622007427
524,chlorakas,34.8042,32.4083,85.55,29,0,4.07,CY,1622007428
525,kaeo,-35.1,173.7833,55.33,87,74,10.78,NZ,1622007428
526,kiunga,-6.1219,141.2906,82.4,79,87,2.66,PG,1622007428
527,keita,14.7551,5.7749,84.88,13,70,3.33,NE,1622007429
528,santa rosa,14.3122,121.1114,97.09,49,73,6.04,PH,1622007429
529,salalah,17.0151,54.0924,86.09,62,20,10.36,OM,1622007172
530,zavitinsk,50.1167,129.45,59.45,43,70,4.81,RU,1622007430
531,kyra,49.5776,111.9753,54.52,45,100,6.78,RU,1622007430
532,korba,22.35,82.6833,82.53,67,100,13.44,IN,1622007430
533,maltahohe,-24.8333,16.9833,55.58,46,0,3.29,NA,1622007431
534,vidim,56.4088,103.1106,56.16,28,94,11.25,RU,1622007431
535,bilma,18.6853,12.9164,85.03,8,0,4.18,NE,1622007431
536,ondjiva,-17.0667,15.7333,52.61,56,0,6.6,AO,1622007432
537,halalo,,,,,,,,
538,knysna,-34.0363,23.0471,53.98,77,93,3.09,ZA,1622007432
539,kandara,25.7191,73.2765,97.79,33,11,15.79,IN,1622007432
540,morros,-9.4467,-46.3003,67.06,48,12,3.22,BR,1622007433
541,grand river south east,,,,,,,,
542,mahadday weyne,,,,,,,,
543,rabat,33.9911,-6.8401,60.15,92,94,9.57,MA,1622007433
544,yanam,16.7333,82.2167,91.8,19,100,11.7,IN,1622007434
545,ahipara,-35.1667,173.1667,54.81,79,57,7.07,NZ,1622007434
546,rameshki,57.3439,36.0453,59.9,60,60,7.72,RU,1622007434
547,sorland,67.667,12.6934,44.67,75,0,19.28,NO,1622007435
548,batagay-alyta,67.8006,130.4114,60.84,28,11,4.5,RU,1622007435
549,ibi,38.6253,-0.5723,56.12,88,41,4.25,ES,1622007436
550,korcula,42.9622,17.1369,59.56,71,34,4.41,HR,1622007436
551,vaitape,-16.5167,-151.75,81.18,72,36,13.38,PF,1622007437
552,kalabo,-14.97,22.6814,56.84,58,0,4.74,ZM,1622007437
553,oranjemund,-28.55,16.4333,57.34,96,44,6.2,NA,1622007438
554,pacific grove,36.6177,-121.9166,55.94,87,75,1.01,US,1622007438
555,providencia,28.7167,-111.5833,82.85,28,91,6.98,MX,1622007439
556,harrison,30.4091,-89.0436,75.27,82,20,6.91,US,1622007439
557,warman,52.3168,-106.5679,39.11,72,75,3.47,CA,1622007301
558,turka,49.1541,23.0297,54.25,66,50,2.84,UA,1622007439
559,sur,22.5667,59.5289,100.65,30,0,3.74,OM,1622007440
560,bantou,26.2151,117.4893,86.83,73,71,7.29,CN,1622007440
561,negombo,7.2083,79.8358,86.05,74,40,11.5,LK,1622007441
562,kargil,34.5667,76.1,49.41,27,2,3.83,IN,1622007441
563,vega de alatorre,20.0333,-96.6333,78.89,83,65,8.12,MX,1622007441
564,kamaishi,39.2667,141.8833,67.15,45,41,15.5,JP,1622007442
565,zambezi,-13.5432,23.1047,55.45,56,11,7.2,ZM,1622007442
566,marshalltown,42.0494,-92.908,71.55,88,1,5.75,US,1622007443
567,naryan-mar,67.6713,53.087,39.38,43,46,10.89,RU,1622007443
568,lasa,46.6166,10.7002,44.06,68,18,3.67,IT,1622007443
569,inhambane,-23.865,35.3833,55.38,94,20,3.44,MZ,1622007443
570,vao,-22.6667,167.4833,71.49,66,1,13.33,NC,1622007444
571,chunskiy,56.0815,99.6342,56.3,29,75,14.09,RU,1622007444
572,malanje,-9.5402,16.341,54.99,66,3,4.74,AO,1622007445
573,portland,45.5234,-122.6762,56.55,83,92,1.66,US,1622007185
574,luba,3.4568,8.5547,78.69,84,99,5.91,GQ,1622007445
575,port blair,11.6667,92.75,85.44,78,85,21.05,IN,1622007445
576,teya,60.3778,92.6267,47.01,34,13,11.39,RU,1622007446
577,constitucion,-35.3333,-72.4167,53.47,79,14,6.2,CL,1622007446
578,ornskoldsvik,63.2909,18.7153,51.62,71,0,12.19,SE,1622007446
579,webuye,0.6075,34.7697,63.81,81,38,5.57,KE,1622007447
580,sibi,29.5448,67.8764,106.86,7,0,2.53,PK,1622007447
581,sokoni,-6.4333,39.55,77.65,74,88,14.61,TZ,1622007448
582,korla,41.7597,86.1469,87.73,10,0,0.4,CN,1622007448
583,sterling,39.0062,-77.4286,72.34,91,75,1.99,US,1622007448
584,paita,-5.0892,-81.1144,69.76,84,49,9.33,PE,1622007449
585,udachnyy,66.4167,112.4,55.13,41,54,7.29,RU,1622007449
586,leopold,-38.1833,144.4667,57.83,72,75,10,AU,1622007449
587,abu samrah,35.3029,37.1841,79.65,27,0,5.55,SY,1622007450
588,bogale,16.2833,95.4,80.26,84,100,7.67,MM,1622007450
589,dali,25.7,100.1833,82.89,39,85,8.46,CN,1622007451
590,husavik,66.0449,-17.3389,37.31,76,46,10.92,IS,1622007451
591,llano de piedra,7.6667,-80.5667,75.97,91,100,1.9,PA,1622007451
592,uaua,-9.8414,-39.4817,65.93,86,4,9.8,BR,1622007452
593,kununurra,-15.7667,128.7333,93.18,31,40,14.97,AU,1622007452
594,kilindoni,-7.9139,39.6668,78.17,73,20,16.82,TZ,1622007453
595,lata,40.1629,-8.3327,58.82,78,54,2.15,PT,1622007453
596,bourail,-21.5667,165.4833,69.03,60,22,7.07,NC,1622007453
597,puerto escondido,15.85,-97.0667,82.8,76,99,4.76,MX,1622007454
598,trairi,-3.2778,-39.2689,74.75,87,16,8.39,BR,1622007242
599,andros,37.8333,24.9333,75.76,60,0,15.28,GR,1622007454
600,atbasar,51.8,68.3333,91.47,20,32,11.32,KZ,1622007454
601,khorramabad,33.4878,48.3558,72.09,27,53,4.21,IR,1622007455
602,deputatskiy,69.3,139.9,52.45,37,13,20.54,RU,1622007455
603,farafangana,-22.8167,47.8333,69.57,82,8,4.23,MG,1622007456
604,togur,58.3631,82.8265,58.26,39,62,4.92,RU,1622007456
605,muroto,33.2833,134.15,69.84,66,100,9.91,JP,1622007457
606,coihueco,-36.6167,-71.8333,39.94,76,90,3,CL,1622007319
607,avera,33.194,-82.5271,77.72,54,79,6.49,US,1622007458
608,beauvais,49.4167,2,52.32,98,75,1.99,FR,1622007459
609,pokhara,28.2333,83.9833,82.4,60,99,7.27,NP,1622007413
610,tongchuan,35.0806,109.0897,83.07,11,84,24.96,CN,1622007459
611,sebastian,35.1668,-94.2669,70.81,98,100,0.96,US,1622007460
612,saint john,45.2727,-66.0677,57.58,100,90,10.94,CA,1622007460
613,nalut,30.3333,10.85,73.6,47,1,15.88,LY,1622007362
614,montes altos,-5.8333,-47.0667,72.09,81,9,1.43,BR,1622007460
615,roma,43.2128,-75.4557,73.26,78,1,0,US,1622007171
616,honiara,-9.4333,159.95,81.19,79,100,2.62,SB,1622007461
617,sorvag,,,,,,,,
